
SELECT*FROM CLASS;




INSERT INTO STUDENT(STD_NO,STD_NAME,STD_ID,STD_TELNO,STD_ADD,PRO_CD)
    VALUES('23AB00001','김소원','9602211234567','01026598745','대전중구유천동123','22A02');
INSERT INTO STUDENT(STD_NO,STD_NAME,STD_ID,STD_TELNO,STD_ADD,PRO_CD)
    VALUES('23AB00002','황수빈','9603211234567','01021178955','대전중구오류동123','22A03');
INSERT INTO STUDENT(STD_NO,STD_NAME,STD_ID,STD_TELNO,STD_ADD,PRO_CD)
    VALUES('23AB00003','김나영','9603145645547','01025622225','대전중구오류동456','22A04');

    
UPDATE STUDENT
SET PRO_CD='22A03'           --수정하고자하는 값
WHERE STD_NAME='황수빈';    

    
    
INSERT INTO PROFESSOR(PRO_CD,PRO_NAME,PRO_MAJOR,PRO_DEPTNO,PRO_TELNO)
    VALUES('22A02','박민주','경영','AB1','01056898989');
INSERT INTO PROFESSOR(PRO_CD,PRO_NAME,PRO_MAJOR,PRO_DEPTNO,PRO_TELNO)
    VALUES('22A03','이은솔','영문','AB2','01055878440');
INSERT INTO PROFESSOR(PRO_CD,PRO_NAME,PRO_MAJOR,PRO_DEPTNO,PRO_TELNO)
    VALUES('22A04','김민수','경제','AB3','01055558810');
    
INSERT INTO SUBJECT(SUB_CD,SUB_NAME,SUB_GRADE)
    VALUES('231AB101','영어영문학',3);
INSERT INTO SUBJECT(SUB_CD,SUB_NAME,SUB_GRADE)
    VALUES('231AC102','경영학',3);
INSERT INTO SUBJECT(SUB_CD,SUB_NAME,SUB_GRADE)
    VALUES('231AD103','경제학',3);

INSERT INTO COUNSEL(CNS_DATE,STD_NO,PRO_CD,CNS_REMARK)
  VALUES('20230501','23AB00001','22A02','학점관리에 대한 상담');
INSERT INTO COUNSEL(CNS_DATE,STD_NO,PRO_CD,CNS_REMARK)
  VALUES('20230502','23AB00002','22A03','진로에 대한 상담');
INSERT INTO COUNSEL(CNS_DATE,STD_NO,PRO_CD,CNS_REMARK)
  VALUES('20230503','23AB00003','22A04','진로에 대한 상담');

INSERT INTO CLASS(STD_NO,SUB_CD,CLS_SCORE)
  VALUES('23AB00001','231AB101','98');
INSERT INTO CLASS(STD_NO,SUB_CD,CLS_SCORE)
  VALUES('23AB00002','231AC102','90');
INSERT INTO CLASS(STD_NO,SUB_CD,CLS_SCORE)
  VALUES('23AB00003','231AD103','95');

INSERT INTO LECTURE(PRO_CD,SUB_CD,LEC_WEEK,LEC_TIME,LEC_ROOM,LEC_PERSON)
  VALUES('22A02','231AB101','1','0900-1000','창조관101','30');
INSERT INTO LECTURE(PRO_CD,SUB_CD,LEC_WEEK,LEC_TIME,LEC_ROOM,LEC_PERSON)
  VALUES('22A03','231AC102','2','0900-1100','창조관102','35');
INSERT INTO LECTURE(PRO_CD,SUB_CD,LEC_WEEK,LEC_TIME,LEC_ROOM,LEC_PERSON)
  VALUES('22A04','231AD103','3','0900-1100','창조관104','25');
  
  
  --문4) 2023년도 1학기 수강생들의 학번, 과목코드, 성적을 내림차순 성적순으로 모두 조회하시오.
---------------------------------------------------------------------------------------
-- 테이블 삭제시는 관계를 맺은 것 부터 실시한다.(참조무결성)
 DROP TABLE LECTURE;
 DROP TABLE CLASS;
 DROP TABLE COUNSEL;
 DROP TABLE STUDENT;
 DROP TABLE PROFESSOR;
 DROP TABLE SUBJECT;

-- 데이터 삭제시에도 관계를 맺은 것 부터 실시한다.(참조무결성)
 DELETE FROM LECTURE;
 DELETE FROM CLASS;
 DELETE FROM COUNSEL;
 DELETE FROM STUDENT;
 DELETE FROM PROFESSOR;
 DELETE FROM SUBJECT;

-- 전체 데이터 조회
SELECT * FROM STUDENT;
SELECT * FROM PROFESSOR;
SELECT * FROM SUBJECT;
SELECT * FROM COUNSEL;
SELECT * FROM CLASS;
SELECT * FROM LECTURE;


-- STUDENT
INSERT INTO STUDENT (STD_NO, STD_NAME, STD_ID, STD_TELNO, STD_ADD, PRO_CD)
VALUES ('23AA100001','이성호','950317-1335114','010-2121-1299','대전시 중구 계룡로100','22A01');
INSERT INTO STUDENT (STD_NO, STD_NAME, STD_ID, STD_TELNO, STD_ADD, PRO_CD)
VALUES ('23AA100002','홍길동','961117-2395414','010-4781-8799','대전시 서구 나나로100','22A01');
INSERT INTO STUDENT (STD_NO, STD_NAME, STD_ID, STD_TELNO, STD_ADD, PRO_CD)
VALUES ('23AB100003','이성계','200419-3345214','010-8981-8845','인천시 중구 마바로100','22A01');
INSERT INTO STUDENT (STD_NO, STD_NAME, STD_ID, STD_TELNO, STD_ADD, PRO_CD)
VALUES ('23AB100004','이순신','930109-2335114','010-8161-1239','대전시 동구 가가로100','22A01');
INSERT INTO STUDENT (STD_NO, STD_NAME, STD_ID, STD_TELNO, STD_ADD, PRO_CD)
VALUES ('23AB100005','김정호','950414-1336174','010-2411-8459','서울시 강남구 강남로100','22A01');
INSERT INTO STUDENT (STD_NO, STD_NAME, STD_ID, STD_TELNO, STD_ADD, PRO_CD)
VALUES ('23BA100006','을지문덕','980901-1435114','010-2511-8409','부산시 중구 다라로100','22A01');
INSERT INTO STUDENT (STD_NO, STD_NAME, STD_ID, STD_TELNO, STD_ADD, PRO_CD)
VALUES ('23BA100007','안중근','010303-4035114','010-2511-5099','대구시 중구 가나로100','22A01');
INSERT INTO STUDENT (STD_NO, STD_NAME, STD_ID, STD_TELNO, STD_ADD, PRO_CD)
VALUES ('23BB100008','김구','940211-1035414','010-4411-8045','대전시 유성구 세종로100','22A01');
INSERT INTO STUDENT (STD_NO, STD_NAME, STD_ID, STD_TELNO, STD_ADD, PRO_CD)
VALUES ('23BB100009','이성계','980327-2035514','010-2311-8459','대전시 대덕구 한밭로100','22A01');
INSERT INTO STUDENT (STD_NO, STD_NAME, STD_ID, STD_TELNO, STD_ADD, PRO_CD)
VALUES ('23BB100010','오재원','991217-1035114','010-5421-2844','대전시 서구 청사로100','22A01');
INSERT INTO STUDENT (STD_NO, STD_NAME, STD_ID, STD_TELNO, STD_ADD, PRO_CD)
VALUES ('23AB100001','이성호','950317-1335114','010-2111-2486','서울시 중구 계룡로100','22A01');
INSERT INTO STUDENT (STD_NO, STD_NAME, STD_ID, STD_TELNO, STD_ADD, PRO_CD)
VALUES ('23AB100002','홍길동','910211-1184821','010-1234-8899','대전시 중구 계룡로100','22A02');
INSERT INTO STUDENT (STD_NO, STD_NAME, STD_ID, STD_TELNO, STD_ADD, PRO_CD)
VALUES ('23AB101003','이방원','930104-1412765','010-5678-8642','인천시 미추홀구 계룡로100','22A01');
INSERT INTO STUDENT (STD_NO, STD_NAME, STD_ID, STD_TELNO, STD_ADD, PRO_CD)
VALUES ('23AB101004','이성계','970227-1408421','010-1112-5666','수원시 서구 계룡로100','22A03');
INSERT INTO STUDENT (STD_NO, STD_NAME, STD_ID, STD_TELNO, STD_ADD, PRO_CD)
VALUES ('23AB101005','이순신','990305-1284282','010-2223-8888','광명시 서구 계룡로100','22A05');
INSERT INTO STUDENT (STD_NO, STD_NAME, STD_ID, STD_TELNO, STD_ADD, PRO_CD)
VALUES ('23AB100006','이황','850304-1542114','010-3334-5473','대구시 남구 계룡로100','22A08');
INSERT INTO STUDENT (STD_NO, STD_NAME, STD_ID, STD_TELNO, STD_ADD, PRO_CD)
VALUES ('23AB100007','이이','050503-1335114','010-5465-3434','부산시 중구 계룡로100','22A09');
INSERT INTO STUDENT (STD_NO, STD_NAME, STD_ID, STD_TELNO, STD_ADD, PRO_CD)
VALUES ('23AB100008','장영실','950325-1355114','010-7858-8833','광주시 남구 계룡로100','22A07');
INSERT INTO STUDENT (STD_NO, STD_NAME, STD_ID, STD_TELNO, STD_ADD, PRO_CD)
VALUES ('23AB100009','박지원','980622-1999914','010-2255-3773','울산시 중구 계룡로100','22A06');
INSERT INTO STUDENT (STD_NO, STD_NAME, STD_ID, STD_TELNO, STD_ADD, PRO_CD)
VALUES ('23AB100010','유관순','940820-1355514','010-8864-9857','목포시 중구 계룡로100','22A04');
INSERT INTO STUDENT (STD_NO, STD_NAME, STD_ID, STD_TELNO, STD_ADD, PRO_CD)
VALUES ('23AB100021','이성호','950317-1335114','010-2111-8899','대전시 중구 계룡로110','22A01');
INSERT INTO STUDENT (STD_NO, STD_NAME, STD_ID, STD_TELNO, STD_ADD, PRO_CD)
VALUES ('23AB100022','이나은','003090-2547431','010-3542-4325','대전시 중구 계룡로101','22A02');
INSERT INTO STUDENT (STD_NO, STD_NAME, STD_ID, STD_TELNO, STD_ADD, PRO_CD)
VALUES ('23AB100023','윤종민','980411-1547123','010-5213-5312','대전시 중구 계룡로102','22A03');
INSERT INTO STUDENT (STD_NO, STD_NAME, STD_ID, STD_TELNO, STD_ADD, PRO_CD)
VALUES ('23AB100024','송기돈','990527-1312521','010-3151-8547','대전시 중구 계룡로103','22A04');
INSERT INTO STUDENT (STD_NO, STD_NAME, STD_ID, STD_TELNO, STD_ADD, PRO_CD)
VALUES ('23AB100025','임찬빈','980712-1432567','010-5463-5472','대전시 중구 계룡로104','22A05');
INSERT INTO STUDENT (STD_NO, STD_NAME, STD_ID, STD_TELNO, STD_ADD, PRO_CD)
VALUES ('23AB100026','차수연','970406-2134613','010-5314-6587','대전시 중구 계룡로105','22A06');
INSERT INTO STUDENT (STD_NO, STD_NAME, STD_ID, STD_TELNO, STD_ADD, PRO_CD)
VALUES ('23AB100027','박유빈','930423-2754341','010-7546-5467','대전시 중구 계룡로106','22A07');
INSERT INTO STUDENT (STD_NO, STD_NAME, STD_ID, STD_TELNO, STD_ADD, PRO_CD)
VALUES ('23AB100028','문수빈','970327-2463461','010-5475-5475','대전시 중구 계룡로107','22A08');
INSERT INTO STUDENT (STD_NO, STD_NAME, STD_ID, STD_TELNO, STD_ADD, PRO_CD)
VALUES ('23AB100029','우태원','970517-1417631','010-5467-8655','대전시 중구 계룡로108','22A09');
INSERT INTO STUDENT (STD_NO, STD_NAME, STD_ID, STD_TELNO, STD_ADD, PRO_CD)
VALUES ('23AB100030','남민주','970325-2125121','010-2852-5472','대전시 중구 계룡로109','22A10');

-- PROFESSOR
INSERT INTO PROFESSOR (PRO_CD, PRO_NAME, PRO_MAJOR, PRO_DEPTNO, PRO_TELNO)
VALUES ('22A01','윤동민','한글발달사연구', 'AA1', '010-0289-1452');
INSERT INTO PROFESSOR (PRO_CD, PRO_NAME, PRO_MAJOR, PRO_DEPTNO, PRO_TELNO)
VALUES ('22A02','계두심','일본어발달사연구', 'AA2', '010-9549-1258');
INSERT INTO PROFESSOR (PRO_CD, PRO_NAME, PRO_MAJOR, PRO_DEPTNO, PRO_TELNO)
VALUES ('22A03','한덕수','한국사연구', 'AA3', '010-7584-1120');
INSERT INTO PROFESSOR (PRO_CD, PRO_NAME, PRO_MAJOR, PRO_DEPTNO, PRO_TELNO)
VALUES ('22A04','금백산','세계사연구', 'AB1', '010-7452-1450');
INSERT INTO PROFESSOR (PRO_CD, PRO_NAME, PRO_MAJOR, PRO_DEPTNO, PRO_TELNO)
VALUES ('22A05','강백호','일본사연구', 'AB2', '010-4569-4562');
INSERT INTO PROFESSOR (PRO_CD, PRO_NAME, PRO_MAJOR, PRO_DEPTNO, PRO_TELNO)
VALUES ('22B06','민둥산','자동차연구', 'BA1', '010-0129-0452');
INSERT INTO PROFESSOR (PRO_CD, PRO_NAME, PRO_MAJOR, PRO_DEPTNO, PRO_TELNO)
VALUES ('22B07','소백산','기차연구', 'BA2', '010-7009-1451');
INSERT INTO PROFESSOR (PRO_CD, PRO_NAME, PRO_MAJOR, PRO_DEPTNO, PRO_TELNO)
VALUES ('22B08','백두산','자율주행연구', 'BA3', '010-1269-7892');
INSERT INTO PROFESSOR (PRO_CD, PRO_NAME, PRO_MAJOR, PRO_DEPTNO, PRO_TELNO)
VALUES ('22B09','한라산','우주선연구', 'BB1', '010-7239-4282');
INSERT INTO PROFESSOR (PRO_CD, PRO_NAME, PRO_MAJOR, PRO_DEPTNO, PRO_TELNO)
VALUES ('22B10','지리산','비행기연구', 'BB2', '010-7944-1252');
INSERT INTO PROFESSOR (PRO_CD, PRO_NAME, PRO_MAJOR, PRO_DEPTNO, PRO_TELNO)
VALUES ('22B01','구천모','한글발달사연구', 'AA1', '010-7949-1352');
INSERT INTO PROFESSOR (PRO_CD, PRO_NAME, PRO_MAJOR, PRO_DEPTNO, PRO_TELNO)
VALUES ('22B02','이형욱','컴퓨터공학', 'AA2', '010-5456-1354');
INSERT INTO PROFESSOR (PRO_CD, PRO_NAME, PRO_MAJOR, PRO_DEPTNO, PRO_TELNO)
VALUES ('22B03','민현기','정보보안', 'AA3', '010-6546-4231');
INSERT INTO PROFESSOR (PRO_CD, PRO_NAME, PRO_MAJOR, PRO_DEPTNO, PRO_TELNO)
VALUES ('22B04','김재권','건축', 'AA4', '010-4897-5321');
INSERT INTO PROFESSOR (PRO_CD, PRO_NAME, PRO_MAJOR, PRO_DEPTNO, PRO_TELNO)
VALUES ('22B05','성시원','국어국문', 'AA5', '010-9764-2532');
INSERT INTO PROFESSOR (PRO_CD, PRO_NAME, PRO_MAJOR, PRO_DEPTNO, PRO_TELNO)
VALUES ('22A06','서형래','영어영문', 'AA6', '010-6546-3122');
INSERT INTO PROFESSOR (PRO_CD, PRO_NAME, PRO_MAJOR, PRO_DEPTNO, PRO_TELNO)
VALUES ('22A07','이은지','소방방재', 'AA7', '010-2245-6847');
INSERT INTO PROFESSOR (PRO_CD, PRO_NAME, PRO_MAJOR, PRO_DEPTNO, PRO_TELNO)
VALUES ('22A08','김인혜','한의학', 'AA8', '010-9666-7865');
INSERT INTO PROFESSOR (PRO_CD, PRO_NAME, PRO_MAJOR, PRO_DEPTNO, PRO_TELNO)
VALUES ('22A09','김민정','간호', 'AA9', '010-6777-8201');
INSERT INTO PROFESSOR (PRO_CD, PRO_NAME, PRO_MAJOR, PRO_DEPTNO, PRO_TELNO)
VALUES ('22A10','이선재','연극영화', 'AA1', '010-3085-8945');
INSERT INTO PROFESSOR (PRO_CD, PRO_NAME, PRO_MAJOR, PRO_DEPTNO, PRO_TELNO)
VALUES ('21A11','최의인','데이터베이스구축연구','AA1','010-5472-7542');
INSERT INTO PROFESSOR (PRO_CD, PRO_NAME, PRO_MAJOR, PRO_DEPTNO, PRO_TELNO)
VALUES ('19A12','김만주','철도운수경영연구','AA2','010-7641-6421');
INSERT INTO PROFESSOR (PRO_CD, PRO_NAME, PRO_MAJOR, PRO_DEPTNO, PRO_TELNO)
VALUES ('00A13','이만희','시스템프로그램연구','AA3','010-1473-1251');
INSERT INTO PROFESSOR (PRO_CD, PRO_NAME, PRO_MAJOR, PRO_DEPTNO, PRO_TELNO)
VALUES ('23A14','장효경','프레임워크연구', 'AA4','010-7133-6132');
INSERT INTO PROFESSOR (PRO_CD, PRO_NAME, PRO_MAJOR, PRO_DEPTNO, PRO_TELNO)
VALUES ('15A15','이강수','소프트웨어연구','AA5','010-7313-7131');
INSERT INTO PROFESSOR (PRO_CD, PRO_NAME, PRO_MAJOR, PRO_DEPTNO, PRO_TELNO)
VALUES ('19A16','이상구','알고리즘연구','AA6','010-3254-7512');
INSERT INTO PROFESSOR (PRO_CD, PRO_NAME, PRO_MAJOR, PRO_DEPTNO, PRO_TELNO)
VALUES ('11A17','이극','프로젝트개선연구','AA7','010-2351-2566');
INSERT INTO PROFESSOR (PRO_CD, PRO_NAME, PRO_MAJOR, PRO_DEPTNO, PRO_TELNO)
VALUES ('05A18','장준혁','근현대사연구','AA8','010-3471-5742');
INSERT INTO PROFESSOR (PRO_CD, PRO_NAME, PRO_MAJOR, PRO_DEPTNO, PRO_TELNO)
VALUES ('04A19','조준호','철도기관사연구','AA9','010-4371-7134');
INSERT INTO PROFESSOR (PRO_CD, PRO_NAME, PRO_MAJOR, PRO_DEPTNO, PRO_TELNO)
VALUES ('05A20','권선상','철도시스템연구','AB1', '010-4171-2485');

-- SUBJECT
INSERT INTO SUBJECT(SUB_CD, SUB_NAME, SUB_GRADE)
VALUES ('231AA101','국어국문학',3);
INSERT INTO SUBJECT(SUB_CD, SUB_NAME, SUB_GRADE)
VALUES ('231AA102','독어국문학',2);
INSERT INTO SUBJECT(SUB_CD, SUB_NAME, SUB_GRADE)
VALUES ('231AB103','한국사',3);
INSERT INTO SUBJECT(SUB_CD, SUB_NAME, SUB_GRADE)
VALUES ('231AB104','세계사',2);
INSERT INTO SUBJECT(SUB_CD, SUB_NAME, SUB_GRADE)
VALUES ('231AB105','한국지리',3);
INSERT INTO SUBJECT(SUB_CD, SUB_NAME, SUB_GRADE)
VALUES ('231BA106','자율주행',2);
INSERT INTO SUBJECT(SUB_CD, SUB_NAME, SUB_GRADE)
VALUES ('231BA107','인공지능',3);
INSERT INTO SUBJECT(SUB_CD, SUB_NAME, SUB_GRADE)
VALUES ('231BB108','빅데이터',2);
INSERT INTO SUBJECT(SUB_CD, SUB_NAME, SUB_GRADE)
VALUES ('231BB109','프로그래밍',3);
INSERT INTO SUBJECT(SUB_CD, SUB_NAME, SUB_GRADE)
VALUES ('231BB110','수학',3);
INSERT INTO SUBJECT(SUB_CD, SUB_NAME, SUB_GRADE)
VALUES ('231AA112','영어영문학',2);
INSERT INTO SUBJECT(SUB_CD, SUB_NAME, SUB_GRADE)
VALUES ('231AA103','수학',1);
INSERT INTO SUBJECT(SUB_CD, SUB_NAME, SUB_GRADE)
VALUES ('231AA104','과학',3);
INSERT INTO SUBJECT(SUB_CD, SUB_NAME, SUB_GRADE)
VALUES ('231AA105','역사',2);   
INSERT INTO SUBJECT(SUB_CD, SUB_NAME, SUB_GRADE)
VALUES ('231AA107','문학',3);   
INSERT INTO SUBJECT(SUB_CD, SUB_NAME, SUB_GRADE)
VALUES ('231AA108','예술',1);   
INSERT INTO SUBJECT(SUB_CD, SUB_NAME, SUB_GRADE)
VALUES ('231AA109','체육',2);    
INSERT INTO SUBJECT(SUB_CD, SUB_NAME, SUB_GRADE)
VALUES ('231AA110','음악',4);  
INSERT INTO SUBJECT(SUB_CD, SUB_NAME, SUB_GRADE)
VALUES ('231AA111','컴퓨터공학',3); 
INSERT INTO SUBJECT(SUB_CD, SUB_NAME, SUB_GRADE)
VALUES ('231AA106','행정',3); 
INSERT INTO SUBJECT(SUB_CD, SUB_NAME, SUB_GRADE)
VALUES ('221AA101','국어국문학',3);
INSERT INTO SUBJECT(SUB_CD, SUB_NAME, SUB_GRADE)
VALUES ('201AA102','영어영문학',3);
INSERT INTO SUBJECT(SUB_CD, SUB_NAME, SUB_GRADE)
VALUES ('202AA103','컴퓨터공학',3);
INSERT INTO SUBJECT(SUB_CD, SUB_NAME, SUB_GRADE)
VALUES ('191AA104','경영학',3);
INSERT INTO SUBJECT(SUB_CD, SUB_NAME, SUB_GRADE)
VALUES ('192AA105','경제통계학',3);
INSERT INTO SUBJECT(SUB_CD, SUB_NAME, SUB_GRADE)
VALUES ('221AA106','스페인학과',3);
INSERT INTO SUBJECT(SUB_CD, SUB_NAME, SUB_GRADE)
VALUES ('211AA107','신학과',3);
INSERT INTO SUBJECT(SUB_CD, SUB_NAME, SUB_GRADE)
VALUES ('231CA108','전자통신학과',3);
INSERT INTO SUBJECT(SUB_CD, SUB_NAME, SUB_GRADE)
VALUES ('212DA109','철도기계학과',3);
INSERT INTO SUBJECT(SUB_CD, SUB_NAME, SUB_GRADE)
VALUES ('221DB110','산업디자인과',3);

-- COUNSEL
INSERT INTO COUNSEL(CNS_DATE, STD_NO, PRO_CD,  CNS_REMARK)
VALUES('23-03-04', '23AB100001', '22A01', '진로상담');
INSERT INTO COUNSEL(CNS_DATE, STD_NO, PRO_CD,  CNS_REMARK)
VALUES('23-04-05', '23AB100002', '22A02', '학업상담');
INSERT INTO COUNSEL(CNS_DATE, STD_NO, PRO_CD,  CNS_REMARK)
VALUES('23-03-06', '23AB100003', '22A03', '인생상담');
INSERT INTO COUNSEL(CNS_DATE, STD_NO, PRO_CD,  CNS_REMARK)
VALUES('23-04-07', '23AB100004', '22A04', '학업상담');
INSERT INTO COUNSEL(CNS_DATE, STD_NO, PRO_CD,  CNS_REMARK)
VALUES('23-03-08', '23AB100005', '22A05', '창업상담');
INSERT INTO COUNSEL(CNS_DATE, STD_NO, PRO_CD,  CNS_REMARK)
VALUES('23-04-09', '23AB100006', '22A06', '학업상담');
INSERT INTO COUNSEL(CNS_DATE, STD_NO, PRO_CD,  CNS_REMARK)
VALUES('23-03-10', '23AB100007', '22A07', '어떻한담');
INSERT INTO COUNSEL(CNS_DATE, STD_NO, PRO_CD,  CNS_REMARK)
VALUES('23-04-11', '23AB100008', '22A08', '진로is백');
INSERT INTO COUNSEL(CNS_DATE, STD_NO, PRO_CD,  CNS_REMARK)
VALUES('23-03-12', '23AB100009', '22A09', '궁금하담');
INSERT INTO COUNSEL(CNS_DATE, STD_NO, PRO_CD,  CNS_REMARK)
VALUES('23-04-13', '23AB100010', '22A10', '담담하담');
INSERT INTO COUNSEL(CNS_DATE, STD_NO, PRO_CD,  CNS_REMARK)
VALUES('23-03-04', '23AA100001', '22A01', '진로상담');
INSERT INTO COUNSEL(CNS_DATE, STD_NO, PRO_CD,  CNS_REMARK)
VALUES('23-04-11', '23AA100002', '22A02', '인생상담');
INSERT INTO COUNSEL(CNS_DATE, STD_NO, PRO_CD,  CNS_REMARK)
VALUES('23-02-19', '23AB100003', '22A03', '진로상담');
INSERT INTO COUNSEL(CNS_DATE, STD_NO, PRO_CD,  CNS_REMARK)
VALUES('22-12-05', '23AB100004', '22A04', '금연상담');
INSERT INTO COUNSEL(CNS_DATE, STD_NO, PRO_CD,  CNS_REMARK)
VALUES('23-01-29', '23AB100005', '22A05', '금주상담');
INSERT INTO COUNSEL(CNS_DATE, STD_NO, PRO_CD,  CNS_REMARK)
VALUES('23-01-02', '23BA100006', '22B06', '금주상담');
INSERT INTO COUNSEL(CNS_DATE, STD_NO, PRO_CD,  CNS_REMARK)
VALUES('23-03-22', '23BA100007', '22B07', '진호상담');
INSERT INTO COUNSEL(CNS_DATE, STD_NO, PRO_CD,  CNS_REMARK)
VALUES('22-11-29', '23BB100008', '22B08', '학업상담');
INSERT INTO COUNSEL(CNS_DATE, STD_NO, PRO_CD,  CNS_REMARK)
VALUES('23-12-19', '23BB100009', '22B09', '다이어트상담');
INSERT INTO COUNSEL(CNS_DATE, STD_NO, PRO_CD,  CNS_REMARK)
VALUES('23-01-09', '23BB100010', '22B10', '이성교제상담');
INSERT INTO COUNSEL(CNS_DATE, STD_NO, PRO_CD, CNS_REMARK)
VALUES('23-03-01', '23AB100001', '22A10', '진로상담');
INSERT INTO COUNSEL(CNS_DATE, STD_NO, PRO_CD,  CNS_REMARK)
VALUES('23-04-04', '23AB100002', '22A09', '진로상담');
INSERT INTO COUNSEL(CNS_DATE, STD_NO, PRO_CD,  CNS_REMARK)
VALUES('23-05-05', '23AB100003', '22A08', '인생상담');
INSERT INTO COUNSEL(CNS_DATE, STD_NO, PRO_CD,  CNS_REMARK)
VALUES('23-06-07', '23AB100004', '22A07', '진로상담');
INSERT INTO COUNSEL(CNS_DATE, STD_NO, PRO_CD,  CNS_REMARK)
VALUES('23-07-08', '23AB100005', '22A06', '창업상담');
INSERT INTO COUNSEL(CNS_DATE, STD_NO, PRO_CD,  CNS_REMARK)
VALUES('23-08-10', '23AB100006', '22A05', '성적상담');
INSERT INTO COUNSEL(CNS_DATE, STD_NO, PRO_CD,  CNS_REMARK)
VALUES('23-09-13', '23AB100007', '22A04', '진로상담');
INSERT INTO COUNSEL(CNS_DATE, STD_NO, PRO_CD,  CNS_REMARK)
VALUES('23-10-16', '23AB100008', '22A03', '성적상담');
INSERT INTO COUNSEL(CNS_DATE, STD_NO, PRO_CD,  CNS_REMARK)
VALUES('23-11-20', '23AB100009', '22A02', '진로상담');
INSERT INTO COUNSEL(CNS_DATE, STD_NO, PRO_CD,  CNS_REMARK)
VALUES('23-12-24', '23AB100010', '22A01', '인생상담');

-- CLASS
INSERT INTO CLASS(STD_NO, SUB_CD, CLS_SCORE)
VALUES('23AA100001', '231AA101', '90');
INSERT INTO CLASS(STD_NO, SUB_CD, CLS_SCORE)
VALUES('23AA100002', '231AA102', '80');
INSERT INTO CLASS(STD_NO, SUB_CD, CLS_SCORE)
VALUES('23AB100003', '231AB103', '89');
INSERT INTO CLASS(STD_NO, SUB_CD, CLS_SCORE)
VALUES('23AB100004', '231AB104', '95');
INSERT INTO CLASS(STD_NO, SUB_CD, CLS_SCORE)
VALUES('23AB100005', '231AB105', '97');
INSERT INTO CLASS(STD_NO, SUB_CD, CLS_SCORE)
VALUES('23BA100006', '231BA106', '69');
INSERT INTO CLASS(STD_NO, SUB_CD, CLS_SCORE)
VALUES('23BA100007', '231BA107', '75');
INSERT INTO CLASS(STD_NO, SUB_CD, CLS_SCORE)
VALUES('23BB100008', '231BB108', '81');
INSERT INTO CLASS(STD_NO, SUB_CD, CLS_SCORE)
VALUES('23BB100009', '231BB109', '85');
INSERT INTO CLASS(STD_NO, SUB_CD, CLS_SCORE)
VALUES('23BB100010', '231BB110', '74');
INSERT INTO CLASS(STD_NO, SUB_CD, CLS_SCORE)
VALUES('23AB100001', '231AA110', '90');
INSERT INTO CLASS(STD_NO, SUB_CD, CLS_SCORE)
VALUES('23AB100002', '231AA109', '80');
INSERT INTO CLASS(STD_NO, SUB_CD, CLS_SCORE)
VALUES('23AB100003', '231AA108', '100');
INSERT INTO CLASS(STD_NO, SUB_CD, CLS_SCORE)
VALUES('23AB100004', '231AA107', '90');
INSERT INTO CLASS(STD_NO, SUB_CD, CLS_SCORE)
VALUES('23AB100005', '231AA107', '80');
INSERT INTO CLASS(STD_NO, SUB_CD, CLS_SCORE)
VALUES('23AB100006', '231AA105', '85');
INSERT INTO CLASS(STD_NO, SUB_CD, CLS_SCORE)
VALUES('23AB100007', '231AA104', '90');
INSERT INTO CLASS(STD_NO, SUB_CD, CLS_SCORE)
VALUES('23AB100008', '231AA103', '65');
INSERT INTO CLASS(STD_NO, SUB_CD, CLS_SCORE)
VALUES('23AB100009', '231AA102', '60');
INSERT INTO CLASS(STD_NO, SUB_CD, CLS_SCORE)
VALUES('23AB100010', '231AA101', '50');
INSERT INTO CLASS(STD_NO, SUB_CD, CLS_SCORE)
VALUES('23AB100001', '231AA101', '90');
INSERT INTO CLASS(STD_NO, SUB_CD, CLS_SCORE)
VALUES('23AB100002', '231AA102', '92');
INSERT INTO CLASS(STD_NO, SUB_CD, CLS_SCORE)
VALUES('23AB100003', '231AA103', '95');
INSERT INTO CLASS(STD_NO, SUB_CD, CLS_SCORE)
VALUES('23AB100004', '231AA104', '91');
INSERT INTO CLASS(STD_NO, SUB_CD, CLS_SCORE)
VALUES('23AB100005', '231AA105', '87');
INSERT INTO CLASS(STD_NO, SUB_CD, CLS_SCORE)
VALUES('23AB100006', '231AA106', '84');
INSERT INTO CLASS(STD_NO, SUB_CD, CLS_SCORE)
VALUES('23AB100007', '231AA107', '82');
INSERT INTO CLASS(STD_NO, SUB_CD, CLS_SCORE)
VALUES('23AB100008', '231AA108', '93');
INSERT INTO CLASS(STD_NO, SUB_CD, CLS_SCORE)
VALUES('23AB100009', '231AA109', '70');
INSERT INTO CLASS(STD_NO, SUB_CD, CLS_SCORE)
VALUES('23AB100010', '231AA110', '89');

-- LECTURE
INSERT INTO LECTURE(PRO_CD, SUB_CD, LEC_WEEK, LEC_TIME, LEC_ROOM, LEC_PERSON)
VALUES('22A01','231AA110',1,'0900-1200','인문관-101호', 20);
INSERT INTO LECTURE(PRO_CD, SUB_CD, LEC_WEEK, LEC_TIME, LEC_ROOM, LEC_PERSON)
VALUES('22A02','231AA109',1,'1200-1300','공학관-101호', 31);
INSERT INTO LECTURE(PRO_CD, SUB_CD, LEC_WEEK, LEC_TIME, LEC_ROOM, LEC_PERSON)
VALUES('22A03','231AA108',5,'1300-1500','인문관-103호', 24);
INSERT INTO LECTURE(PRO_CD, SUB_CD, LEC_WEEK, LEC_TIME, LEC_ROOM, LEC_PERSON)
VALUES('22A04','231AA107',4,'1000-1200','인문관-102호', 15);
INSERT INTO LECTURE(PRO_CD, SUB_CD, LEC_WEEK, LEC_TIME, LEC_ROOM, LEC_PERSON)
VALUES('22A05','231AA106',3,'1200-1400','공학관-201호', 10);
INSERT INTO LECTURE(PRO_CD, SUB_CD, LEC_WEEK, LEC_TIME, LEC_ROOM, LEC_PERSON)
VALUES('22A06','231AA105',2,'0900-1200','인문관-404호', 60);
INSERT INTO LECTURE(PRO_CD, SUB_CD, LEC_WEEK, LEC_TIME, LEC_ROOM, LEC_PERSON)
VALUES('22A07','231AA104',5,'1600-1800','인문관-201호', 65);
INSERT INTO LECTURE(PRO_CD, SUB_CD, LEC_WEEK, LEC_TIME, LEC_ROOM, LEC_PERSON)
VALUES('22A08','231AA103',4,'1400-1600','공학관-303호', 32);
INSERT INTO LECTURE(PRO_CD, SUB_CD, LEC_WEEK, LEC_TIME, LEC_ROOM, LEC_PERSON)
VALUES('22A09','231AA102',3,'0900-1200','인문관-105호', 28);
INSERT INTO LECTURE(PRO_CD, SUB_CD, LEC_WEEK, LEC_TIME, LEC_ROOM, LEC_PERSON)
VALUES('22A10','231AA101',2,'1200-1400','공학관-501호', 50);
INSERT INTO LECTURE(PRO_CD, SUB_CD, LEC_WEEK, LEC_TIME, LEC_ROOM, LEC_PERSON)
VALUES('22A01','231AA101','3','0900-1200','인문관-101호', 23);
INSERT INTO LECTURE(PRO_CD, SUB_CD, LEC_WEEK, LEC_TIME, LEC_ROOM, LEC_PERSON)
VALUES('22A02','231AA102','2','1200-1400','인문관-102호', 12);
INSERT INTO LECTURE(PRO_CD, SUB_CD, LEC_WEEK, LEC_TIME, LEC_ROOM, LEC_PERSON)
VALUES('22A03','231AA103','4','1400-1600','인문관-103호',21);
INSERT INTO LECTURE(PRO_CD, SUB_CD, LEC_WEEK, LEC_TIME, LEC_ROOM, LEC_PERSON)
VALUES('22A04','231AA104','5','1600-1800','인문관-104호', 15);
INSERT INTO LECTURE(PRO_CD, SUB_CD, LEC_WEEK, LEC_TIME, LEC_ROOM, LEC_PERSON)
VALUES('22A05','231AA105','1','1400-1600','인문관-105호', 49);
INSERT INTO LECTURE(PRO_CD, SUB_CD, LEC_WEEK, LEC_TIME, LEC_ROOM, LEC_PERSON)
VALUES('22A06','231AA106','2','1500-1700','인문관-106호', 12);
INSERT INTO LECTURE(PRO_CD, SUB_CD, LEC_WEEK, LEC_TIME, LEC_ROOM, LEC_PERSON)
VALUES('22A07','231AA107','1','1300-1500','인문관-107호', 41);
INSERT INTO LECTURE(PRO_CD, SUB_CD, LEC_WEEK, LEC_TIME, LEC_ROOM, LEC_PERSON)
VALUES('22A08','231AA108','3','1200-1500','인문관-108호', 12);
INSERT INTO LECTURE(PRO_CD, SUB_CD, LEC_WEEK, LEC_TIME, LEC_ROOM, LEC_PERSON)
VALUES('22A09','231AA109','5','1000-1200','인문관-109호',50);
INSERT INTO LECTURE(PRO_CD, SUB_CD, LEC_WEEK, LEC_TIME, LEC_ROOM, LEC_PERSON)
VALUES('22A10','231AA110','4','0900-1200','인문관-110호',45);
----------------------------------------------------------------------

4) 2023년도 1학기 수강생들의 학번, 과목코드, 성적을 내림차순 성적순으로 모두 조회하시오 
(추가) 학생명과 과목명도 추가하세요
SELECT*FROM CLASS;

SELECT  A.STD_NO 학번,B.STD_NAME 학생명, A.SUB_CD 과목코드,C.SUB_NAME 과목명, A.CLS_SCORE 성적
FROM CLASS A,STUDENT B,SUBJECT C
WHERE SUBSTR(A.SUB_CD,1,3)='231' AND A.STD_NO=B.STD_NO AND A.SUB_CD=C.SUB_CD
ORDER BY A.CLS_SCORE DESC;





5) 과목코드가 231EE001과목의 수강현황을 학번, 학생명, 과목코드, 과목명, 성적순으로 조회하시오
SELECT A.STD_NO 학생번호, B.SUB_CD 과목코드,B.SUB_NAME과목명, A.CLS_SCORE성적
FROM LEARNING A, SUBJECT B
WHERE A.SUB_CD = '231EE001' AND A.SUB_CD = B.SUB_CD
ORDER BY LEA_SCORE DESC;

6) 2022년도 2학기 총 수강생들은 몇 명인가?
SELECT COUNT(*) 총수강수 FROM CLASS WHERE SUBSTR(SUB_CD,1,3)='231';
SELECT COUNT(STD_NO) 총수강생_중복포함 FROM CLASS
WHERE SUBSTR(SUB_CD,1,3)='231';
SELECT COUNT(DISTINCT(STD_NO)) 총수강생수 FROM CLASS WHERE SUBSTR(SUB_CD,1,3)='231';   --중복된거 제외해라


7) 2023년도 1학기 수강생들의 학번, 과목코드, 학점을 조회하시오
SELECT STD_NO 학생번호, SUB_CD 과목코드, CLS_SCORE 점수,
CASE  WHEN CLS_SCORE<60 THEN 'F'
      WHEN CLS_SCORE>=60 AND CLS_SCORE <65 THEN 'D0'
      WHEN CLS_SCORE>=65 AND CLS_SCORE <70 THEN 'D+'
      WHEN CLS_SCORE>=70 AND CLS_SCORE <75 THEN 'C0'
      WHEN CLS_SCORE>=75 AND CLS_SCORE <80 THEN 'C+'
      WHEN CLS_SCORE>=80 AND CLS_SCORE <85 THEN 'B0'
      WHEN CLS_SCORE>=85 AND CLS_SCORE <90 THEN 'B+'
      WHEN CLS_SCORE>=90 AND CLS_SCORE <95 THEN 'A0'
    ELSE 'A+'
    END 학점
    FROM CLASS
    WHERE SUBSTR(SUB_CD,1,3)='231'
    ORDER BY CLS_SCORE DESC;
    

8) 2023년도에 발생한 상담건수는?(추가) 2023년도에 발생한 상담에서 진로상담한 학생의 학번,학생명,내용은?

  SELECT COUNT(*) 총상담건수 FROM COUNSEL WHERE SUBSTR (CNS_DATE,3,2)='23';

(추가 문제)
  SELECT A.STD_NO, B.STD_NAME, A.CNS_REMARK
  FROM COUNSEL A, STUDENT B
  WHERE A.CNS_REMARK LIKE '%진로%' AND A.STD_NO=B.STD_NO;
  
 9) 수요일에 편성된 강의 목록 전체와 교수명, 교과명을 조회하시오
 SELECT A.*, B.PRO_NAME 담당교수명, C.SUB_NAME 교과목명 
 FROM LECTURE A, PROFESSOR B, SUBJECT C
 WHERE LEC_WEEK= '3' AND A.PRO_CD= B.PRO_CD AND A.SUB_CD=C.SUB_CD;
 
 --42. 학사관리시스템에 아래 학점 관리 테이블을 생성하시오
SELECT FROM TAB;
CREATE TABLE HAKJUM
(GRADE CHAR(2) NOT NULL,
MIN_POINT NUMBER(3) NOT NULL,
MAX_POINT NUMBER(3) NOT NULL,
CONSTRAINT PK_HAKJUM PRIMARY KEY (GRADE));
 
 
 
  